epoch,n_seeds,seeds,train_total_loss_mean,train_total_loss_std,mAP50_mean,mAP50_std
1,3,42;2024;3407,7.525099999999999,0.015268595220255214,0.6980633333333334,0.008667042940549778
2,3,42;2024;3407,5.06285,0.01322323334135803,0.8015666666666666,0.004184618660443673
3,3,42;2024;3407,5.062176666666667,0.005155000808276933,0.8279166666666667,0.003731518904324804
4,3,42;2024;3407,5.10546,0.0008641759080188743,0.85629,0.001991406538103162
5,3,42;2024;3407,5.161323333333333,0.006788757863801673,0.8724566666666668,0.0009743886972524723
6,3,42;2024;3407,5.18112,0.005564638353028888,0.88218,0.0009241753080449941
7,3,42;2024;3407,5.179243333333334,0.011496096438936367,0.8872433333333333,0.0012618372848086676
8,3,42;2024;3407,5.14086,0.0013585654198458336,0.89221,0.002294253691290489
9,3,42;2024;3407,5.157533333333333,0.004410094481225185,0.8950299999999999,0.000556506963119072
10,3,42;2024;3407,5.1203,0.002572333570904116,0.9001100000000001,0.002034502396164743
11,3,42;2024;3407,4.987493333333333,0.002679726354188594,0.8977033333333333,0.0016630794729457434
12,3,42;2024;3407,4.91137,0.004622218082263274,0.9041666666666667,0.0021570890879454565
13,3,42;2024;3407,4.864599999999999,0.0027053465582067273,0.9023766666666667,0.0016728518563618984
14,3,42;2024;3407,4.820336666666666,0.004797002536306825,0.9044266666666667,0.00111195023869478
15,3,42;2024;3407,4.763233333333333,0.0013984396066088476,0.9052833333333333,0.0029295107668915617
16,3,42;2024;3407,4.712066666666666,0.004054495447442969,0.9106333333333333,0.001788136832944642
17,3,42;2024;3407,4.68161,0.006153470565461571,0.9107233333333333,0.0032695616423816633
18,3,42;2024;3407,4.640569999999999,0.0038194109493483903,0.9131966666666665,0.0020457354015935643
19,3,42;2024;3407,4.601606666666666,0.004622297408576227,0.9161033333333334,0.0007893246058076065
20,3,42;2024;3407,4.551523333333333,0.0015981969006768329,0.9151033333333333,0.002411064771700104
