seed,epoch_raw,epoch,train_total_loss,mAP50,precision,recall,f1,source_file
42,0,1,7.542,0.70779,0.80995,0.62017,0.7024678929040918,SSR_GATE0_CURVES_EXPORT\seed42_detector_epoch_metrics.csv
42,1,2,5.04822,0.80637,0.88852,0.71496,0.7923469693416819,SSR_GATE0_CURVES_EXPORT\seed42_detector_epoch_metrics.csv
42,2,3,5.06218,0.8322,0.87712,0.76336,0.8162956246952112,SSR_GATE0_CURVES_EXPORT\seed42_detector_epoch_metrics.csv
42,3,4,5.104699999999999,0.85786,0.90821,0.77571,0.8367470890541118,SSR_GATE0_CURVES_EXPORT\seed42_detector_epoch_metrics.csv
42,4,5,5.15836,0.87168,0.91394,0.80877,0.8581447298732809,SSR_GATE0_CURVES_EXPORT\seed42_detector_epoch_metrics.csv
42,5,6,5.17814,0.88287,0.90462,0.81504,0.8574968130909599,SSR_GATE0_CURVES_EXPORT\seed42_detector_epoch_metrics.csv
42,6,7,5.184340000000001,0.88624,0.90144,0.81521,0.8561592664783153,SSR_GATE0_CURVES_EXPORT\seed42_detector_epoch_metrics.csv
42,7,8,5.14054,0.89047,0.92213,0.81778,0.8668258374283727,SSR_GATE0_CURVES_EXPORT\seed42_detector_epoch_metrics.csv
42,8,9,5.16244,0.89564,0.9234,0.82888,0.8735907412057434,SSR_GATE0_CURVES_EXPORT\seed42_detector_epoch_metrics.csv
42,9,10,5.11733,0.89823,0.9258,0.83165,0.8762031010839568,SSR_GATE0_CURVES_EXPORT\seed42_detector_epoch_metrics.csv
42,10,11,4.98516,0.89582,0.93163,0.82402,0.8745271011875942,SSR_GATE0_CURVES_EXPORT\seed42_detector_epoch_metrics.csv
42,11,12,4.91554,0.90189,0.93225,0.83492,0.8809046894186751,SSR_GATE0_CURVES_EXPORT\seed42_detector_epoch_metrics.csv
42,12,13,4.86192,0.90045,0.9226,0.83888,0.8787504689238594,SSR_GATE0_CURVES_EXPORT\seed42_detector_epoch_metrics.csv
42,13,14,4.8149999999999995,0.90457,0.92628,0.8415,0.8818570410345179,SSR_GATE0_CURVES_EXPORT\seed42_detector_epoch_metrics.csv
42,14,15,4.76229,0.90216,0.93589,0.84243,0.8867040945386657,SSR_GATE0_CURVES_EXPORT\seed42_detector_epoch_metrics.csv
42,15,16,4.70764,0.90901,0.94214,0.84166,0.8890700217513174,SSR_GATE0_CURVES_EXPORT\seed42_detector_epoch_metrics.csv
42,16,17,4.67453,0.90698,0.93936,0.84224,0.8881528585541085,SSR_GATE0_CURVES_EXPORT\seed42_detector_epoch_metrics.csv
42,17,18,4.6378699999999995,0.91112,0.94043,0.84372,0.8894539131799457,SSR_GATE0_CURVES_EXPORT\seed42_detector_epoch_metrics.csv
42,18,19,4.59661,0.9152,0.93507,0.85482,0.8931459893066054,SSR_GATE0_CURVES_EXPORT\seed42_detector_epoch_metrics.csv
42,19,20,4.54982,0.91239,0.94332,0.84483,0.891362621256606,SSR_GATE0_CURVES_EXPORT\seed42_detector_epoch_metrics.csv
2024,0,1,7.5123,0.69524,0.80814,0.59671,0.686514886856248,SSR_GATE0_CURVES_EXPORT\seed2024_detector_epoch_metrics.csv
2024,1,2,5.07395,0.79962,0.88254,0.7046,0.7835952518366369,SSR_GATE0_CURVES_EXPORT\seed2024_detector_epoch_metrics.csv
2024,2,3,5.06733,0.82618,0.87822,0.75016,0.809154515776416,SSR_GATE0_CURVES_EXPORT\seed2024_detector_epoch_metrics.csv
2024,3,4,5.1052800000000005,0.85696,0.89154,0.77921,0.8315988429148585,SSR_GATE0_CURVES_EXPORT\seed2024_detector_epoch_metrics.csv
2024,4,5,5.16909,0.87214,0.90688,0.80456,0.8526613527789464,SSR_GATE0_CURVES_EXPORT\seed2024_detector_epoch_metrics.csv
2024,5,6,5.18754,0.88254,0.89612,0.82224,0.8575917837938498,SSR_GATE0_CURVES_EXPORT\seed2024_detector_epoch_metrics.csv
2024,6,7,5.166080000000001,0.88866,0.9134,0.82203,0.8653096950035438,SSR_GATE0_CURVES_EXPORT\seed2024_detector_epoch_metrics.csv
2024,7,8,5.13969,0.89135,0.92772,0.81706,0.8688807794678985,SSR_GATE0_CURVES_EXPORT\seed2024_detector_epoch_metrics.csv
2024,8,9,5.1539,0.89455,0.92122,0.83117,0.8738813019932777,SSR_GATE0_CURVES_EXPORT\seed2024_detector_epoch_metrics.csv
2024,9,10,5.1218200000000005,0.89983,0.92569,0.83646,0.8788158299804216,SSR_GATE0_CURVES_EXPORT\seed2024_detector_epoch_metrics.csv
2024,10,11,4.990419999999999,0.89832,0.93075,0.82957,0.877252178581167,SSR_GATE0_CURVES_EXPORT\seed2024_detector_epoch_metrics.csv
2024,11,12,4.91217,0.90443,0.93613,0.83013,0.8799492678314632,SSR_GATE0_CURVES_EXPORT\seed2024_detector_epoch_metrics.csv
2024,12,13,4.8645499999999995,0.90322,0.92205,0.8423,0.8803726188114603,SSR_GATE0_CURVES_EXPORT\seed2024_detector_epoch_metrics.csv
2024,13,14,4.8242899999999995,0.90546,0.93811,0.83579,0.883999049439089,SSR_GATE0_CURVES_EXPORT\seed2024_detector_epoch_metrics.csv
2024,14,15,4.76257,0.90572,0.92796,0.83903,0.8812571421456828,SSR_GATE0_CURVES_EXPORT\seed2024_detector_epoch_metrics.csv
2024,15,16,4.71296,0.91255,0.93786,0.84885,0.8911378578504626,SSR_GATE0_CURVES_EXPORT\seed2024_detector_epoch_metrics.csv
2024,16,17,4.68567,0.91302,0.94029,0.84812,0.8918298989605292,SSR_GATE0_CURVES_EXPORT\seed2024_detector_epoch_metrics.csv
2024,17,18,4.64494,0.91521,0.94158,0.84799,0.8923377394569646,SSR_GATE0_CURVES_EXPORT\seed2024_detector_epoch_metrics.csv
2024,18,19,4.60248,0.91666,0.94003,0.85492,0.8954571966907157,SSR_GATE0_CURVES_EXPORT\seed2024_detector_epoch_metrics.csv
2024,19,20,4.55176,0.91592,0.93789,0.85655,0.8953764734401819,SSR_GATE0_CURVES_EXPORT\seed2024_detector_epoch_metrics.csv
3407,0,1,7.521,0.69116,0.77705,0.60549,0.6806255218655518,SSR_GATE0_CURVES_EXPORT\seed3407_detector_epoch_metrics.csv
3407,1,2,5.06638,0.79871,0.85558,0.72127,0.7827049961632369,SSR_GATE0_CURVES_EXPORT\seed3407_detector_epoch_metrics.csv
3407,2,3,5.05702,0.82537,0.88696,0.74724,0.8111271452698569,SSR_GATE0_CURVES_EXPORT\seed3407_detector_epoch_metrics.csv
3407,3,4,5.1064,0.85405,0.8899,0.77602,0.8290676599116404,SSR_GATE0_CURVES_EXPORT\seed3407_detector_epoch_metrics.csv
3407,4,5,5.15652,0.87355,0.90816,0.79836,0.8497276534702202,SSR_GATE0_CURVES_EXPORT\seed3407_detector_epoch_metrics.csv
3407,5,6,5.1776800000000005,0.88113,0.92705,0.80281,0.8604684893575203,SSR_GATE0_CURVES_EXPORT\seed3407_detector_epoch_metrics.csv
3407,6,7,5.18731,0.88683,0.9153,0.81418,0.8617838356037653,SSR_GATE0_CURVES_EXPORT\seed3407_detector_epoch_metrics.csv
3407,7,8,5.14235,0.89481,0.92001,0.82653,0.8707683365969288,SSR_GATE0_CURVES_EXPORT\seed3407_detector_epoch_metrics.csv
3407,8,9,5.1562600000000005,0.8949,0.93025,0.82139,0.8724373130323582,SSR_GATE0_CURVES_EXPORT\seed3407_detector_epoch_metrics.csv
3407,9,10,5.12175,0.90227,0.93386,0.83526,0.8818123175364023,SSR_GATE0_CURVES_EXPORT\seed3407_detector_epoch_metrics.csv
3407,10,11,4.9868999999999994,0.89897,0.93856,0.82526,0.8782710544159834,SSR_GATE0_CURVES_EXPORT\seed3407_detector_epoch_metrics.csv
3407,11,12,4.9064,0.90618,0.9347,0.83721,0.8832730635303147,SSR_GATE0_CURVES_EXPORT\seed3407_detector_epoch_metrics.csv
3407,12,13,4.86733,0.90346,0.93495,0.83765,0.8836295469931174,SSR_GATE0_CURVES_EXPORT\seed3407_detector_epoch_metrics.csv
3407,13,14,4.82172,0.90325,0.93599,0.83464,0.8824143876473346,SSR_GATE0_CURVES_EXPORT\seed3407_detector_epoch_metrics.csv
3407,14,15,4.7648399999999995,0.90797,0.93639,0.84024,0.88571321389372,SSR_GATE0_CURVES_EXPORT\seed3407_detector_epoch_metrics.csv
3407,15,16,4.7156,0.91034,0.93916,0.84621,0.89026541680436,SSR_GATE0_CURVES_EXPORT\seed3407_detector_epoch_metrics.csv
3407,16,17,4.68463,0.91217,0.93461,0.85284,0.8918546447732804,SSR_GATE0_CURVES_EXPORT\seed3407_detector_epoch_metrics.csv
3407,17,18,4.6389,0.91326,0.9317,0.85335,0.8908055180527156,SSR_GATE0_CURVES_EXPORT\seed3407_detector_epoch_metrics.csv
3407,18,19,4.605729999999999,0.91645,0.93394,0.85884,0.8948170211626636,SSR_GATE0_CURVES_EXPORT\seed3407_detector_epoch_metrics.csv
3407,19,20,4.55299,0.917,0.93595,0.856,0.8941914673958536,SSR_GATE0_CURVES_EXPORT\seed3407_detector_epoch_metrics.csv
